run_id,phase,split,label,model,metric,k,value,n_users,slice
20260914T002244Z,0,temporal,purchase,most_popular,recall,10,0.05704077150157322,20000,overall
20260914T002244Z,0,temporal,purchase,most_popular,ndcg,10,0.06491516060166021,20000,overall
20260914T002244Z,0,temporal,purchase,most_popular,recall,50,0.15211932696852837,20000,overall
20260914T002244Z,0,temporal,purchase,most_popular,ndcg,50,0.08559261959103957,20000,overall
20260914T002244Z,0,temporal,purchase,most_popular,recall,100,0.22225191016011966,20000,overall
20260914T002244Z,0,temporal,purchase,most_popular,ndcg,100,0.10362419710710051,20000,overall
20260914T002244Z,0,temporal,purchase,most_popular,recall,10,0.0,610,popularity_decile_1
20260914T002244Z,0,temporal,purchase,most_popular,recall,50,0.0,610,popularity_decile_1
20260914T002244Z,0,temporal,purchase,most_popular,recall,100,0.0,610,popularity_decile_1
20260914T002244Z,0,temporal,purchase,most_popular,recall,10,0.0,638,popularity_decile_2
20260914T002244Z,0,temporal,purchase,most_popular,recall,50,0.0,638,popularity_decile_2
20260914T002244Z,0,temporal,purchase,most_popular,recall,100,0.0,638,popularity_decile_2
20260914T002244Z,0,temporal,purchase,most_popular,recall,10,0.0,857,popularity_decile_3
20260914T002244Z,0,temporal,purchase,most_popular,recall,50,0.0,857,popularity_decile_3
20260914T002244Z,0,temporal,purchase,most_popular,recall,100,0.0,857,popularity_decile_3
20260914T002244Z,0,temporal,purchase,most_popular,recall,10,0.0,1139,popularity_decile_4
20260914T002244Z,0,temporal,purchase,most_popular,recall,50,0.0,1139,popularity_decile_4
20260914T002244Z,0,temporal,purchase,most_popular,recall,100,0.0,1139,popularity_decile_4
20260914T002244Z,0,temporal,purchase,most_popular,recall,10,0.0,1999,popularity_decile_5
20260914T002244Z,0,temporal,purchase,most_popular,recall,50,0.0,1999,popularity_decile_5
20260914T002244Z,0,temporal,purchase,most_popular,recall,100,0.0,1999,popularity_decile_5
20260914T002244Z,0,temporal,purchase,most_popular,recall,10,0.0,2525,popularity_decile_6
20260914T002244Z,0,temporal,purchase,most_popular,recall,50,0.0,2525,popularity_decile_6
20260914T002244Z,0,temporal,purchase,most_popular,recall,100,0.0,2525,popularity_decile_6
20260914T002244Z,0,temporal,purchase,most_popular,recall,10,0.0,3669,popularity_decile_7
20260914T002244Z,0,temporal,purchase,most_popular,recall,50,0.0,3669,popularity_decile_7
20260914T002244Z,0,temporal,purchase,most_popular,recall,100,0.0,3669,popularity_decile_7
20260914T002244Z,0,temporal,purchase,most_popular,recall,10,0.0,5254,popularity_decile_8
20260914T002244Z,0,temporal,purchase,most_popular,recall,50,0.0,5254,popularity_decile_8
20260914T002244Z,0,temporal,purchase,most_popular,recall,100,0.0,5254,popularity_decile_8
20260914T002244Z,0,temporal,purchase,most_popular,recall,10,0.0,9047,popularity_decile_9
20260914T002244Z,0,temporal,purchase,most_popular,recall,50,0.0,9047,popularity_decile_9
20260914T002244Z,0,temporal,purchase,most_popular,recall,100,0.0,9047,popularity_decile_9
20260914T002244Z,0,temporal,purchase,most_popular,recall,10,0.08371827308064607,17489,popularity_decile_10
20260914T002244Z,0,temporal,purchase,most_popular,recall,50,0.22344508494699938,17489,popularity_decile_10
20260914T002244Z,0,temporal,purchase,most_popular,recall,100,0.32844314294622,17489,popularity_decile_10
20260914T002244Z,0,temporal,purchase,most_popular,recommended_game_length_top10,10,46.94488874999999,20000,overall
20260914T002244Z,0,temporal,purchase,two_tower,recall,10,0.05056482968450353,20000,overall
20260914T002244Z,0,temporal,purchase,two_tower,ndcg,10,0.04728740508728862,20000,overall
20260914T002244Z,0,temporal,purchase,two_tower,recall,50,0.1587786354893432,20000,overall
20260914T002244Z,0,temporal,purchase,two_tower,ndcg,50,0.0778818676927619,20000,overall
20260914T002244Z,0,temporal,purchase,two_tower,recall,100,0.24449063215872324,20000,overall
20260914T002244Z,0,temporal,purchase,two_tower,ndcg,100,0.09940725606403104,20000,overall
20260914T002244Z,0,temporal,purchase,two_tower,recall,10,0.0,610,popularity_decile_1
20260914T002244Z,0,temporal,purchase,two_tower,recall,50,0.0021054323368691736,610,popularity_decile_1
20260914T002244Z,0,temporal,purchase,two_tower,recall,100,0.00233847637415622,610,popularity_decile_1
20260914T002244Z,0,temporal,purchase,two_tower,recall,10,0.0,638,popularity_decile_2
20260914T002244Z,0,temporal,purchase,two_tower,recall,50,0.0009680988382813941,638,popularity_decile_2
20260914T002244Z,0,temporal,purchase,two_tower,recall,100,0.0028889298666174936,638,popularity_decile_2
20260914T002244Z,0,temporal,purchase,two_tower,recall,10,0.0007001166861143524,857,popularity_decile_3
20260914T002244Z,0,temporal,purchase,two_tower,recall,50,0.007721875214496533,857,popularity_decile_3
20260914T002244Z,0,temporal,purchase,two_tower,recall,100,0.020023108426567827,857,popularity_decile_3
20260914T002244Z,0,temporal,purchase,two_tower,recall,10,0.0030728709394205445,1139,popularity_decile_4
20260914T002244Z,0,temporal,purchase,two_tower,recall,50,0.009175575410146498,1139,popularity_decile_4
20260914T002244Z,0,temporal,purchase,two_tower,recall,100,0.017732395855620562,1139,popularity_decile_4
20260914T002244Z,0,temporal,purchase,two_tower,recall,10,0.0020304269781949796,1999,popularity_decile_5
20260914T002244Z,0,temporal,purchase,two_tower,recall,50,0.008016356450867825,1999,popularity_decile_5
20260914T002244Z,0,temporal,purchase,two_tower,recall,100,0.012589277832193407,1999,popularity_decile_5
20260914T002244Z,0,temporal,purchase,two_tower,recall,10,0.007488920320603489,2525,popularity_decile_6
20260914T002244Z,0,temporal,purchase,two_tower,recall,50,0.018007072135785007,2525,popularity_decile_6
20260914T002244Z,0,temporal,purchase,two_tower,recall,100,0.03163208715829566,2525,popularity_decile_6
20260914T002244Z,0,temporal,purchase,two_tower,recall,10,0.004464402883590673,3669,popularity_decile_7
20260914T002244Z,0,temporal,purchase,two_tower,recall,50,0.0156875426952223,3669,popularity_decile_7
20260914T002244Z,0,temporal,purchase,two_tower,recall,100,0.033171860706210504,3669,popularity_decile_7
20260914T002244Z,0,temporal,purchase,two_tower,recall,10,0.007277932714246249,5254,popularity_decile_8
20260914T002244Z,0,temporal,purchase,two_tower,recall,50,0.026083436639162294,5254,popularity_decile_8
20260914T002244Z,0,temporal,purchase,two_tower,recall,100,0.04398813864214966,5254,popularity_decile_8
20260914T002244Z,0,temporal,purchase,two_tower,recall,10,0.009230240368538234,9047,popularity_decile_9
20260914T002244Z,0,temporal,purchase,two_tower,recall,50,0.041762766537493834,9047,popularity_decile_9
20260914T002244Z,0,temporal,purchase,two_tower,recall,100,0.07471620569007585,9047,popularity_decile_9
20260914T002244Z,0,temporal,purchase,two_tower,recall,10,0.07074402642936875,17489,popularity_decile_10
20260914T002244Z,0,temporal,purchase,two_tower,recall,50,0.22018121852149075,17489,popularity_decile_10
20260914T002244Z,0,temporal,purchase,two_tower,recall,100,0.3349336312314348,17489,popularity_decile_10
20260914T002244Z,0,temporal,purchase,two_tower,recall,10,0.05056482968450353,20000,purchase_ground_truth
20260914T002244Z,0,temporal,purchase,two_tower,ndcg,10,0.04728740508728862,20000,purchase_ground_truth
20260914T002244Z,0,temporal,purchase,two_tower,recall,50,0.1587786354893432,20000,purchase_ground_truth
20260914T002244Z,0,temporal,purchase,two_tower,ndcg,50,0.0778818676927619,20000,purchase_ground_truth
20260914T002244Z,0,temporal,purchase,two_tower,recall,100,0.24449063215872324,20000,purchase_ground_truth
20260914T002244Z,0,temporal,purchase,two_tower,ndcg,100,0.09940725606403104,20000,purchase_ground_truth
20260914T002244Z,0,temporal,purchase,two_tower,recommended_game_length_top10,10,23.4726325,20000,overall
20260914T002244Z,0,temporal,threshold,most_popular,recall,10,0.06626378198291231,20000,overall
20260914T002244Z,0,temporal,threshold,most_popular,ndcg,10,0.06779006508353952,20000,overall
20260914T002244Z,0,temporal,threshold,most_popular,recall,50,0.174346218252453,20000,overall
20260914T002244Z,0,temporal,threshold,most_popular,ndcg,50,0.09377896182740694,20000,overall
20260914T002244Z,0,temporal,threshold,most_popular,recall,100,0.25825734368034214,20000,overall
20260914T002244Z,0,temporal,threshold,most_popular,ndcg,100,0.11441421566113379,20000,overall
20260914T002244Z,0,temporal,threshold,most_popular,recall,10,0.0,257,popularity_decile_1
20260914T002244Z,0,temporal,threshold,most_popular,recall,50,0.0,257,popularity_decile_1
20260914T002244Z,0,temporal,threshold,most_popular,recall,100,0.0,257,popularity_decile_1
20260914T002244Z,0,temporal,threshold,most_popular,recall,10,0.0,341,popularity_decile_2
20260914T002244Z,0,temporal,threshold,most_popular,recall,50,0.0,341,popularity_decile_2
20260914T002244Z,0,temporal,threshold,most_popular,recall,100,0.0,341,popularity_decile_2
20260914T002244Z,0,temporal,threshold,most_popular,recall,10,0.0,668,popularity_decile_3
20260914T002244Z,0,temporal,threshold,most_popular,recall,50,0.0,668,popularity_decile_3
20260914T002244Z,0,temporal,threshold,most_popular,recall,100,0.0,668,popularity_decile_3
20260914T002244Z,0,temporal,threshold,most_popular,recall,10,0.0,642,popularity_decile_4
20260914T002244Z,0,temporal,threshold,most_popular,recall,50,0.0,642,popularity_decile_4
20260914T002244Z,0,temporal,threshold,most_popular,recall,100,0.0,642,popularity_decile_4
20260914T002244Z,0,temporal,threshold,most_popular,recall,10,0.0,1012,popularity_decile_5
20260914T002244Z,0,temporal,threshold,most_popular,recall,50,0.0,1012,popularity_decile_5
20260914T002244Z,0,temporal,threshold,most_popular,recall,100,0.0,1012,popularity_decile_5
20260914T002244Z,0,temporal,threshold,most_popular,recall,10,0.0,1840,popularity_decile_6
20260914T002244Z,0,temporal,threshold,most_popular,recall,50,0.0,1840,popularity_decile_6
20260914T002244Z,0,temporal,threshold,most_popular,recall,100,0.0,1840,popularity_decile_6
20260914T002244Z,0,temporal,threshold,most_popular,recall,10,0.0,2317,popularity_decile_7
20260914T002244Z,0,temporal,threshold,most_popular,recall,50,0.0,2317,popularity_decile_7
20260914T002244Z,0,temporal,threshold,most_popular,recall,100,0.0,2317,popularity_decile_7
20260914T002244Z,0,temporal,threshold,most_popular,recall,10,0.0,4734,popularity_decile_8
20260914T002244Z,0,temporal,threshold,most_popular,recall,50,0.0,4734,popularity_decile_8
20260914T002244Z,0,temporal,threshold,most_popular,recall,100,0.0,4734,popularity_decile_8
20260914T002244Z,0,temporal,threshold,most_popular,recall,10,0.0,7986,popularity_decile_9
20260914T002244Z,0,temporal,threshold,most_popular,recall,50,0.0,7986,popularity_decile_9
20260914T002244Z,0,temporal,threshold,most_popular,recall,100,0.0,7986,popularity_decile_9
20260914T002244Z,0,temporal,threshold,most_popular,recall,10,0.0912310617651356,17718,popularity_decile_10
20260914T002244Z,0,temporal,threshold,most_popular,recall,50,0.24017004629238384,17718,popularity_decile_10
20260914T002244Z,0,temporal,threshold,most_popular,recall,100,0.3574344851499434,17718,popularity_decile_10
20260914T002244Z,0,temporal,threshold,most_popular,recommended_game_length_top10,10,60.98951874999999,20000,overall
20260914T002244Z,0,temporal,threshold,two_tower,recall,10,0.05955256554376062,20000,overall
20260914T002244Z,0,temporal,threshold,two_tower,ndcg,10,0.05129206514516825,20000,overall
20260914T002244Z,0,temporal,threshold,two_tower,recall,50,0.1812068018008406,20000,overall
20260914T002244Z,0,temporal,threshold,two_tower,ndcg,50,0.08593993684344874,20000,overall
20260914T002244Z,0,temporal,threshold,two_tower,recall,100,0.2748036731456692,20000,overall
20260914T002244Z,0,temporal,threshold,two_tower,ndcg,100,0.10854466205577905,20000,overall
20260914T002244Z,0,temporal,threshold,two_tower,recall,10,0.0,257,popularity_decile_1
20260914T002244Z,0,temporal,threshold,two_tower,recall,50,0.0,257,popularity_decile_1
20260914T002244Z,0,temporal,threshold,two_tower,recall,100,0.0,257,popularity_decile_1
20260914T002244Z,0,temporal,threshold,two_tower,recall,10,0.0,341,popularity_decile_2
20260914T002244Z,0,temporal,threshold,two_tower,recall,50,0.0,341,popularity_decile_2
20260914T002244Z,0,temporal,threshold,two_tower,recall,100,0.0005865102639296188,341,popularity_decile_2
20260914T002244Z,0,temporal,threshold,two_tower,recall,10,0.0,668,popularity_decile_3
20260914T002244Z,0,temporal,threshold,two_tower,recall,50,0.0012475049900199599,668,popularity_decile_3
20260914T002244Z,0,temporal,threshold,two_tower,recall,100,0.0067739520958083835,668,popularity_decile_3
20260914T002244Z,0,temporal,threshold,two_tower,recall,10,0.0,642,popularity_decile_4
20260914T002244Z,0,temporal,threshold,two_tower,recall,50,0.004672897196261682,642,popularity_decile_4
20260914T002244Z,0,temporal,threshold,two_tower,recall,100,0.01111111111111111,642,popularity_decile_4
20260914T002244Z,0,temporal,threshold,two_tower,recall,10,0.003540843214756258,1012,popularity_decile_5
20260914T002244Z,0,temporal,threshold,two_tower,recall,50,0.014492753623188406,1012,popularity_decile_5
20260914T002244Z,0,temporal,threshold,two_tower,recall,100,0.024407114624505927,1012,popularity_decile_5
20260914T002244Z,0,temporal,threshold,two_tower,recall,10,0.0034375,1840,popularity_decile_6
20260914T002244Z,0,temporal,threshold,two_tower,recall,50,0.013006834650856388,1840,popularity_decile_6
20260914T002244Z,0,temporal,threshold,two_tower,recall,100,0.02386951816299642,1840,popularity_decile_6
20260914T002244Z,0,temporal,threshold,two_tower,recall,10,0.004704359085023737,2317,popularity_decile_7
20260914T002244Z,0,temporal,threshold,two_tower,recall,50,0.01870422646380668,2317,popularity_decile_7
20260914T002244Z,0,temporal,threshold,two_tower,recall,100,0.03187356002645737,2317,popularity_decile_7
20260914T002244Z,0,temporal,threshold,two_tower,recall,10,0.0049287232272023146,4734,popularity_decile_8
20260914T002244Z,0,temporal,threshold,two_tower,recall,50,0.02306788010843778,4734,popularity_decile_8
20260914T002244Z,0,temporal,threshold,two_tower,recall,100,0.04104102842602805,4734,popularity_decile_8
20260914T002244Z,0,temporal,threshold,two_tower,recall,10,0.010034722358015093,7986,popularity_decile_9
20260914T002244Z,0,temporal,threshold,two_tower,recall,50,0.036837814052957,7986,popularity_decile_9
20260914T002244Z,0,temporal,threshold,two_tower,recall,100,0.06787186246411514,7986,popularity_decile_9
20260914T002244Z,0,temporal,threshold,two_tower,recall,10,0.07957207521090255,17718,popularity_decile_10
20260914T002244Z,0,temporal,threshold,two_tower,recall,50,0.23985322419779065,17718,popularity_decile_10
20260914T002244Z,0,temporal,threshold,two_tower,recall,100,0.3597320186737972,17718,popularity_decile_10
20260914T002244Z,0,temporal,threshold,two_tower,recall,10,0.05533733263249742,20000,purchase_ground_truth
20260914T002244Z,0,temporal,threshold,two_tower,ndcg,10,0.051573017815595174,20000,purchase_ground_truth
20260914T002244Z,0,temporal,threshold,two_tower,recall,50,0.17060750209666384,20000,purchase_ground_truth
20260914T002244Z,0,temporal,threshold,two_tower,ndcg,50,0.08415264425676389,20000,purchase_ground_truth
20260914T002244Z,0,temporal,threshold,two_tower,recall,100,0.25948050290719965,20000,purchase_ground_truth
20260914T002244Z,0,temporal,threshold,two_tower,ndcg,100,0.10644984628694185,20000,purchase_ground_truth
20260914T002244Z,0,temporal,threshold,two_tower,recommended_game_length_top10,10,27.416597499999998,20000,overall
20260914T002244Z,0,temporal,percentile,most_popular,recall,10,0.051875884282707826,20000,overall
20260914T002244Z,0,temporal,percentile,most_popular,ndcg,10,0.04322059868310003,20000,overall
20260914T002244Z,0,temporal,percentile,most_popular,recall,50,0.136411883707679,20000,overall
20260914T002244Z,0,temporal,percentile,most_popular,ndcg,50,0.06475760434785843,20000,overall
20260914T002244Z,0,temporal,percentile,most_popular,recall,100,0.2010054052719354,20000,overall
20260914T002244Z,0,temporal,percentile,most_popular,ndcg,100,0.07917096789289485,20000,overall
20260914T002244Z,0,temporal,percentile,most_popular,recall,10,0.0,365,popularity_decile_1
20260914T002244Z,0,temporal,percentile,most_popular,recall,50,0.0,365,popularity_decile_1
20260914T002244Z,0,temporal,percentile,most_popular,recall,100,0.0,365,popularity_decile_1
20260914T002244Z,0,temporal,percentile,most_popular,recall,10,0.0,511,popularity_decile_2
20260914T002244Z,0,temporal,percentile,most_popular,recall,50,0.0,511,popularity_decile_2
20260914T002244Z,0,temporal,percentile,most_popular,recall,100,0.0,511,popularity_decile_2
20260914T002244Z,0,temporal,percentile,most_popular,recall,10,0.0,619,popularity_decile_3
20260914T002244Z,0,temporal,percentile,most_popular,recall,50,0.0,619,popularity_decile_3
20260914T002244Z,0,temporal,percentile,most_popular,recall,100,0.0,619,popularity_decile_3
20260914T002244Z,0,temporal,percentile,most_popular,recall,10,0.0,853,popularity_decile_4
20260914T002244Z,0,temporal,percentile,most_popular,recall,50,0.0,853,popularity_decile_4
20260914T002244Z,0,temporal,percentile,most_popular,recall,100,0.0,853,popularity_decile_4
20260914T002244Z,0,temporal,percentile,most_popular,recall,10,0.0,1504,popularity_decile_5
20260914T002244Z,0,temporal,percentile,most_popular,recall,50,0.0,1504,popularity_decile_5
20260914T002244Z,0,temporal,percentile,most_popular,recall,100,0.0,1504,popularity_decile_5
20260914T002244Z,0,temporal,percentile,most_popular,recall,10,0.0,1787,popularity_decile_6
20260914T002244Z,0,temporal,percentile,most_popular,recall,50,0.0,1787,popularity_decile_6
20260914T002244Z,0,temporal,percentile,most_popular,recall,100,0.0,1787,popularity_decile_6
20260914T002244Z,0,temporal,percentile,most_popular,recall,10,0.0,2800,popularity_decile_7
20260914T002244Z,0,temporal,percentile,most_popular,recall,50,0.0,2800,popularity_decile_7
20260914T002244Z,0,temporal,percentile,most_popular,recall,100,0.0,2800,popularity_decile_7
20260914T002244Z,0,temporal,percentile,most_popular,recall,10,0.0,3760,popularity_decile_8
20260914T002244Z,0,temporal,percentile,most_popular,recall,50,0.0,3760,popularity_decile_8
20260914T002244Z,0,temporal,percentile,most_popular,recall,100,0.0,3760,popularity_decile_8
20260914T002244Z,0,temporal,percentile,most_popular,recall,10,0.0,6956,popularity_decile_9
20260914T002244Z,0,temporal,percentile,most_popular,recall,50,0.0,6956,popularity_decile_9
20260914T002244Z,0,temporal,percentile,most_popular,recall,100,0.0,6956,popularity_decile_9
20260914T002244Z,0,temporal,percentile,most_popular,recall,10,0.08016292757718887,15960,popularity_decile_10
20260914T002244Z,0,temporal,percentile,most_popular,recall,50,0.2120803847407302,15960,popularity_decile_10
20260914T002244Z,0,temporal,percentile,most_popular,recall,100,0.3141682082645233,15960,popularity_decile_10
20260914T002244Z,0,temporal,percentile,most_popular,recommended_game_length_top10,10,47.055257499999996,20000,overall
20260914T002244Z,0,temporal,percentile,two_tower,recall,10,0.0478641078761416,20000,overall
20260914T002244Z,0,temporal,percentile,two_tower,ndcg,10,0.03400909397818255,20000,overall
20260914T002244Z,0,temporal,percentile,two_tower,recall,50,0.1437255534823671,20000,overall
20260914T002244Z,0,temporal,percentile,two_tower,ndcg,50,0.060221750263484225,20000,overall
20260914T002244Z,0,temporal,percentile,two_tower,recall,100,0.21852276266295098,20000,overall
20260914T002244Z,0,temporal,percentile,two_tower,ndcg,100,0.07653419634160999,20000,overall
20260914T002244Z,0,temporal,percentile,two_tower,recall,10,0.0,365,popularity_decile_1
20260914T002244Z,0,temporal,percentile,two_tower,recall,50,0.0,365,popularity_decile_1
20260914T002244Z,0,temporal,percentile,two_tower,recall,100,0.0006849315068493151,365,popularity_decile_1
20260914T002244Z,0,temporal,percentile,two_tower,recall,10,0.0009784735812133072,511,popularity_decile_2
20260914T002244Z,0,temporal,percentile,two_tower,recall,50,0.0009784735812133072,511,popularity_decile_2
20260914T002244Z,0,temporal,percentile,two_tower,recall,100,0.0029354207436399216,511,popularity_decile_2
20260914T002244Z,0,temporal,percentile,two_tower,recall,10,0.0010770059235325794,619,popularity_decile_3
20260914T002244Z,0,temporal,percentile,two_tower,recall,50,0.006731287022078622,619,popularity_decile_3
20260914T002244Z,0,temporal,percentile,two_tower,recall,100,0.01278944534194938,619,popularity_decile_3
20260914T002244Z,0,temporal,percentile,two_tower,recall,10,0.0011723329425556857,853,popularity_decile_4
20260914T002244Z,0,temporal,percentile,two_tower,recall,50,0.004982415005861665,853,popularity_decile_4
20260914T002244Z,0,temporal,percentile,two_tower,recall,100,0.010062524423602968,853,popularity_decile_4
20260914T002244Z,0,temporal,percentile,two_tower,recall,10,0.003065898345153664,1504,popularity_decile_5
20260914T002244Z,0,temporal,percentile,two_tower,recall,50,0.008274231678486997,1504,popularity_decile_5
20260914T002244Z,0,temporal,percentile,two_tower,recall,100,0.017494089834515367,1504,popularity_decile_5
20260914T002244Z,0,temporal,percentile,two_tower,recall,10,0.005798047627930112,1787,popularity_decile_6
20260914T002244Z,0,temporal,percentile,two_tower,recall,50,0.019442890008083066,1787,popularity_decile_6
20260914T002244Z,0,temporal,percentile,two_tower,recall,100,0.03259257375093973,1787,popularity_decile_6
20260914T002244Z,0,temporal,percentile,two_tower,recall,10,0.006241496598639455,2800,popularity_decile_7
20260914T002244Z,0,temporal,percentile,two_tower,recall,50,0.02113732993197279,2800,popularity_decile_7
20260914T002244Z,0,temporal,percentile,two_tower,recall,100,0.033255102040816324,2800,popularity_decile_7
20260914T002244Z,0,temporal,percentile,two_tower,recall,10,0.008040895274937827,3760,popularity_decile_8
20260914T002244Z,0,temporal,percentile,two_tower,recall,50,0.02632697211702218,3760,popularity_decile_8
20260914T002244Z,0,temporal,percentile,two_tower,recall,100,0.04856568715493934,3760,popularity_decile_8
20260914T002244Z,0,temporal,percentile,two_tower,recall,10,0.012801897642323173,6956,popularity_decile_9
20260914T002244Z,0,temporal,percentile,two_tower,recall,50,0.042149928441386514,6956,popularity_decile_9
20260914T002244Z,0,temporal,percentile,two_tower,recall,100,0.07292753162199345,6956,popularity_decile_9
20260914T002244Z,0,temporal,percentile,two_tower,recall,10,0.06848381090774103,15960,popularity_decile_10
20260914T002244Z,0,temporal,percentile,two_tower,recall,50,0.20649352122251485,15960,popularity_decile_10
20260914T002244Z,0,temporal,percentile,two_tower,recall,100,0.31065294341833627,15960,popularity_decile_10
20260914T002244Z,0,temporal,percentile,two_tower,recall,10,0.04423868257656505,20000,purchase_ground_truth
20260914T002244Z,0,temporal,percentile,two_tower,ndcg,10,0.04201448897911891,20000,purchase_ground_truth
20260914T002244Z,0,temporal,percentile,two_tower,recall,50,0.1373930621571078,20000,purchase_ground_truth
20260914T002244Z,0,temporal,percentile,two_tower,ndcg,50,0.06813794416122614,20000,purchase_ground_truth
20260914T002244Z,0,temporal,percentile,two_tower,recall,100,0.21277186845409052,20000,purchase_ground_truth
20260914T002244Z,0,temporal,percentile,two_tower,ndcg,100,0.08743817462902335,20000,purchase_ground_truth
20260914T002244Z,0,temporal,percentile,two_tower,recommended_game_length_top10,10,20.8909625,20000,overall
